"sf__Id","sf__Created",Id
"001Ox00001aExMRIA0","false","001Ox00001aExMRIA0"
"001Ox00001aExMsIAK","false","001Ox00001aExMsIAK"
"001Ox00001aExN2IAK","false","001Ox00001aExN2IAK"
"001Ox00001aExN3IAK","false","001Ox00001aExN3IAK"
"001Ox00001aExN4IAK","false","001Ox00001aExN4IAK"
"001Ox00001aExN5IAK","false","001Ox00001aExN5IAK"
"001Ox00001aExNSIA0","false","001Ox00001aExNSIA0"
"001Ox00001aExNTIA0","false","001Ox00001aExNTIA0"
"001Ox00001aExNUIA0","false","001Ox00001aExNUIA0"
"001Ox00001aExNVIA0","false","001Ox00001aExNVIA0"
"001Ox00001aExNWIA0","false","001Ox00001aExNWIA0"
"001Ox00001aExNXIA0","false","001Ox00001aExNXIA0"
"001Ox00001aExNYIA0","false","001Ox00001aExNYIA0"
"001Ox00001aExNZIA0","false","001Ox00001aExNZIA0"
"001Ox00001aExNaIAK","false","001Ox00001aExNaIAK"
"001Ox00001aExNbIAK","false","001Ox00001aExNbIAK"
"001Ox00001aExNcIAK","false","001Ox00001aExNcIAK"
"001Ox00001aExNdIAK","false","001Ox00001aExNdIAK"
"001Ox00001aExNeIAK","false","001Ox00001aExNeIAK"
"001Ox00001aExNfIAK","false","001Ox00001aExNfIAK"
"001Ox00001aExNgIAK","false","001Ox00001aExNgIAK"
"001Ox00001aExNhIAK","false","001Ox00001aExNhIAK"
"001Ox00001aExNlIAK","false","001Ox00001aExNlIAK"
"001Ox00001aExNpIAK","false","001Ox00001aExNpIAK"
"001Ox00001aExNsIAK","false","001Ox00001aExNsIAK"
"001Ox00001aExNvIAK","false","001Ox00001aExNvIAK"
"001Ox00001aExNwIAK","false","001Ox00001aExNwIAK"
"001Ox00001aExNyIAK","false","001Ox00001aExNyIAK"
"001Ox00001aExNzIAK","false","001Ox00001aExNzIAK"
"001Ox00001aExO0IAK","false","001Ox00001aExO0IAK"
"001Ox00001aExO1IAK","false","001Ox00001aExO1IAK"
"001Ox00001aExO2IAK","false","001Ox00001aExO2IAK"
"001Ox00001aExO4IAK","false","001Ox00001aExO4IAK"
"001Ox00001aExO5IAK","false","001Ox00001aExO5IAK"
"001Ox00001aExO6IAK","false","001Ox00001aExO6IAK"
"001Ox00001aExO7IAK","false","001Ox00001aExO7IAK"
"001Ox00001aExO8IAK","false","001Ox00001aExO8IAK"
"001Ox00001aExO9IAK","false","001Ox00001aExO9IAK"
"001Ox00001aExOAIA0","false","001Ox00001aExOAIA0"
"001Ox00001aExOBIA0","false","001Ox00001aExOBIA0"
"001Ox00001aExODIA0","false","001Ox00001aExODIA0"
"001Ox00001aExOEIA0","false","001Ox00001aExOEIA0"
"001Ox00001aExOFIA0","false","001Ox00001aExOFIA0"
"001Ox00001aExOGIA0","false","001Ox00001aExOGIA0"
"001Ox00001aExOIIA0","false","001Ox00001aExOIIA0"
"001Ox00001aExOKIA0","false","001Ox00001aExOKIA0"
"001Ox00001aExOLIA0","false","001Ox00001aExOLIA0"
"001Ox00001aExOMIA0","false","001Ox00001aExOMIA0"
"001Ox00001aExONIA0","false","001Ox00001aExONIA0"
"001Ox00001aExOOIA0","false","001Ox00001aExOOIA0"
"001Ox00001aExOQIA0","false","001Ox00001aExOQIA0"
"001Ox00001aExORIA0","false","001Ox00001aExORIA0"
"001Ox00001aExOSIA0","false","001Ox00001aExOSIA0"
"001Ox00001aExOTIA0","false","001Ox00001aExOTIA0"
"001Ox00001aExOUIA0","false","001Ox00001aExOUIA0"
"001Ox00001aExOWIA0","false","001Ox00001aExOWIA0"
"001Ox00001aExOXIA0","false","001Ox00001aExOXIA0"
"001Ox00001aExOZIA0","false","001Ox00001aExOZIA0"
"001Ox00001aExOaIAK","false","001Ox00001aExOaIAK"
"001Ox00001aExOcIAK","false","001Ox00001aExOcIAK"
"001Ox00001aExOeIAK","false","001Ox00001aExOeIAK"
"001Ox00001aExOfIAK","false","001Ox00001aExOfIAK"
"001Ox00001aExOgIAK","false","001Ox00001aExOgIAK"
"001Ox00001aExOiIAK","false","001Ox00001aExOiIAK"
"001Ox00001aExOjIAK","false","001Ox00001aExOjIAK"
"001Ox00001aExOkIAK","false","001Ox00001aExOkIAK"
"001Ox00001aExOlIAK","false","001Ox00001aExOlIAK"
"001Ox00001aExPfIAK","false","001Ox00001aExPfIAK"
"001Ox00001aExPgIAK","false","001Ox00001aExPgIAK"
"001Ox00001aExPiIAK","false","001Ox00001aExPiIAK"
"001Ox00001aExPjIAK","false","001Ox00001aExPjIAK"
"001Ox00001aExPkIAK","false","001Ox00001aExPkIAK"
"001Ox00001aExPlIAK","false","001Ox00001aExPlIAK"
"001Ox00001aExPmIAK","false","001Ox00001aExPmIAK"
"001Ox00001aExPnIAK","false","001Ox00001aExPnIAK"
"001Ox00001aExPoIAK","false","001Ox00001aExPoIAK"
"001Ox00001aExPpIAK","false","001Ox00001aExPpIAK"
"001Ox00001aExPqIAK","false","001Ox00001aExPqIAK"
"001Ox00001aExPrIAK","false","001Ox00001aExPrIAK"
"001Ox00001aExPsIAK","false","001Ox00001aExPsIAK"
"001Ox00001aExPtIAK","false","001Ox00001aExPtIAK"
"001Ox00001aExPuIAK","false","001Ox00001aExPuIAK"
"001Ox00001aExPvIAK","false","001Ox00001aExPvIAK"
"001Ox00001aExPwIAK","false","001Ox00001aExPwIAK"
"001Ox00001aExPxIAK","false","001Ox00001aExPxIAK"
"001Ox00001aExPyIAK","false","001Ox00001aExPyIAK"
"001Ox00001aExPzIAK","false","001Ox00001aExPzIAK"
