"sf__Id","sf__Error",Id
"001Ox00001aExMRIA0","ENTITY_IS_DELETED:entity is deleted:--","001Ox00001aExMRIA0"
"001Ox00001aExMsIAK","ENTITY_IS_DELETED:entity is deleted:--","001Ox00001aExMsIAK"
"001Ox00001aExN2IAK","ENTITY_IS_DELETED:entity is deleted:--","001Ox00001aExN2IAK"
"001Ox00001aExN3IAK","ENTITY_IS_DELETED:entity is deleted:--","001Ox00001aExN3IAK"
"001Ox00001aExN4IAK","ENTITY_IS_DELETED:entity is deleted:--","001Ox00001aExN4IAK"
"001Ox00001aExN5IAK","ENTITY_IS_DELETED:entity is deleted:--","001Ox00001aExN5IAK"
"001Ox00001aExNSIA0","ENTITY_IS_DELETED:entity is deleted:--","001Ox00001aExNSIA0"
"001Ox00001aExNTIA0","ENTITY_IS_DELETED:entity is deleted:--","001Ox00001aExNTIA0"
"001Ox00001aExNUIA0","ENTITY_IS_DELETED:entity is deleted:--","001Ox00001aExNUIA0"
"001Ox00001aExNVIA0","ENTITY_IS_DELETED:entity is deleted:--","001Ox00001aExNVIA0"
"001Ox00001aExNWIA0","ENTITY_IS_DELETED:entity is deleted:--","001Ox00001aExNWIA0"
"001Ox00001aExNXIA0","ENTITY_IS_DELETED:entity is deleted:--","001Ox00001aExNXIA0"
"001Ox00001aExNYIA0","ENTITY_IS_DELETED:entity is deleted:--","001Ox00001aExNYIA0"
"001Ox00001aExNZIA0","ENTITY_IS_DELETED:entity is deleted:--","001Ox00001aExNZIA0"
"001Ox00001aExNaIAK","ENTITY_IS_DELETED:entity is deleted:--","001Ox00001aExNaIAK"
"001Ox00001aExNbIAK","ENTITY_IS_DELETED:entity is deleted:--","001Ox00001aExNbIAK"
"001Ox00001aExNcIAK","ENTITY_IS_DELETED:entity is deleted:--","001Ox00001aExNcIAK"
"001Ox00001aExNdIAK","ENTITY_IS_DELETED:entity is deleted:--","001Ox00001aExNdIAK"
"001Ox00001aExNeIAK","ENTITY_IS_DELETED:entity is deleted:--","001Ox00001aExNeIAK"
"001Ox00001aExNfIAK","ENTITY_IS_DELETED:entity is deleted:--","001Ox00001aExNfIAK"
"001Ox00001aExNgIAK","ENTITY_IS_DELETED:entity is deleted:--","001Ox00001aExNgIAK"
"001Ox00001aExNhIAK","ENTITY_IS_DELETED:entity is deleted:--","001Ox00001aExNhIAK"
"001Ox00001aExNlIAK","ENTITY_IS_DELETED:entity is deleted:--","001Ox00001aExNlIAK"
"001Ox00001aExNpIAK","ENTITY_IS_DELETED:entity is deleted:--","001Ox00001aExNpIAK"
"001Ox00001aExNsIAK","ENTITY_IS_DELETED:entity is deleted:--","001Ox00001aExNsIAK"
"001Ox00001aExNvIAK","ENTITY_IS_DELETED:entity is deleted:--","001Ox00001aExNvIAK"
"001Ox00001aExNwIAK","ENTITY_IS_DELETED:entity is deleted:--","001Ox00001aExNwIAK"
"001Ox00001aExNyIAK","ENTITY_IS_DELETED:entity is deleted:--","001Ox00001aExNyIAK"
"001Ox00001aExNzIAK","ENTITY_IS_DELETED:entity is deleted:--","001Ox00001aExNzIAK"
"001Ox00001aExO0IAK","ENTITY_IS_DELETED:entity is deleted:--","001Ox00001aExO0IAK"
"001Ox00001aExO1IAK","ENTITY_IS_DELETED:entity is deleted:--","001Ox00001aExO1IAK"
"001Ox00001aExO2IAK","ENTITY_IS_DELETED:entity is deleted:--","001Ox00001aExO2IAK"
"001Ox00001aExO4IAK","ENTITY_IS_DELETED:entity is deleted:--","001Ox00001aExO4IAK"
"001Ox00001aExO5IAK","ENTITY_IS_DELETED:entity is deleted:--","001Ox00001aExO5IAK"
"001Ox00001aExO6IAK","ENTITY_IS_DELETED:entity is deleted:--","001Ox00001aExO6IAK"
"001Ox00001aExO7IAK","ENTITY_IS_DELETED:entity is deleted:--","001Ox00001aExO7IAK"
"001Ox00001aExO8IAK","ENTITY_IS_DELETED:entity is deleted:--","001Ox00001aExO8IAK"
"001Ox00001aExO9IAK","ENTITY_IS_DELETED:entity is deleted:--","001Ox00001aExO9IAK"
"001Ox00001aExOAIA0","ENTITY_IS_DELETED:entity is deleted:--","001Ox00001aExOAIA0"
"001Ox00001aExOBIA0","ENTITY_IS_DELETED:entity is deleted:--","001Ox00001aExOBIA0"
"001Ox00001aExODIA0","ENTITY_IS_DELETED:entity is deleted:--","001Ox00001aExODIA0"
"001Ox00001aExOEIA0","ENTITY_IS_DELETED:entity is deleted:--","001Ox00001aExOEIA0"
"001Ox00001aExOFIA0","ENTITY_IS_DELETED:entity is deleted:--","001Ox00001aExOFIA0"
"001Ox00001aExOGIA0","ENTITY_IS_DELETED:entity is deleted:--","001Ox00001aExOGIA0"
"001Ox00001aExOIIA0","ENTITY_IS_DELETED:entity is deleted:--","001Ox00001aExOIIA0"
"001Ox00001aExOKIA0","ENTITY_IS_DELETED:entity is deleted:--","001Ox00001aExOKIA0"
"001Ox00001aExOLIA0","ENTITY_IS_DELETED:entity is deleted:--","001Ox00001aExOLIA0"
"001Ox00001aExOMIA0","ENTITY_IS_DELETED:entity is deleted:--","001Ox00001aExOMIA0"
"001Ox00001aExONIA0","ENTITY_IS_DELETED:entity is deleted:--","001Ox00001aExONIA0"
"001Ox00001aExOOIA0","ENTITY_IS_DELETED:entity is deleted:--","001Ox00001aExOOIA0"
"001Ox00001aExOQIA0","ENTITY_IS_DELETED:entity is deleted:--","001Ox00001aExOQIA0"
"001Ox00001aExORIA0","ENTITY_IS_DELETED:entity is deleted:--","001Ox00001aExORIA0"
"001Ox00001aExOSIA0","ENTITY_IS_DELETED:entity is deleted:--","001Ox00001aExOSIA0"
"001Ox00001aExOTIA0","ENTITY_IS_DELETED:entity is deleted:--","001Ox00001aExOTIA0"
"001Ox00001aExOUIA0","ENTITY_IS_DELETED:entity is deleted:--","001Ox00001aExOUIA0"
"001Ox00001aExOWIA0","ENTITY_IS_DELETED:entity is deleted:--","001Ox00001aExOWIA0"
"001Ox00001aExOXIA0","ENTITY_IS_DELETED:entity is deleted:--","001Ox00001aExOXIA0"
"001Ox00001aExOZIA0","ENTITY_IS_DELETED:entity is deleted:--","001Ox00001aExOZIA0"
"001Ox00001aExOaIAK","ENTITY_IS_DELETED:entity is deleted:--","001Ox00001aExOaIAK"
"001Ox00001aExOcIAK","ENTITY_IS_DELETED:entity is deleted:--","001Ox00001aExOcIAK"
"001Ox00001aExOeIAK","ENTITY_IS_DELETED:entity is deleted:--","001Ox00001aExOeIAK"
"001Ox00001aExOfIAK","ENTITY_IS_DELETED:entity is deleted:--","001Ox00001aExOfIAK"
"001Ox00001aExOgIAK","ENTITY_IS_DELETED:entity is deleted:--","001Ox00001aExOgIAK"
"001Ox00001aExOiIAK","ENTITY_IS_DELETED:entity is deleted:--","001Ox00001aExOiIAK"
"001Ox00001aExOjIAK","ENTITY_IS_DELETED:entity is deleted:--","001Ox00001aExOjIAK"
"001Ox00001aExOkIAK","ENTITY_IS_DELETED:entity is deleted:--","001Ox00001aExOkIAK"
"001Ox00001aExOlIAK","ENTITY_IS_DELETED:entity is deleted:--","001Ox00001aExOlIAK"
"001Ox00001aExPfIAK","ENTITY_IS_DELETED:entity is deleted:--","001Ox00001aExPfIAK"
"001Ox00001aExPgIAK","ENTITY_IS_DELETED:entity is deleted:--","001Ox00001aExPgIAK"
"001Ox00001aExPiIAK","ENTITY_IS_DELETED:entity is deleted:--","001Ox00001aExPiIAK"
"001Ox00001aExPjIAK","ENTITY_IS_DELETED:entity is deleted:--","001Ox00001aExPjIAK"
"001Ox00001aExPkIAK","ENTITY_IS_DELETED:entity is deleted:--","001Ox00001aExPkIAK"
"001Ox00001aExPlIAK","ENTITY_IS_DELETED:entity is deleted:--","001Ox00001aExPlIAK"
"001Ox00001aExPmIAK","ENTITY_IS_DELETED:entity is deleted:--","001Ox00001aExPmIAK"
"001Ox00001aExPnIAK","ENTITY_IS_DELETED:entity is deleted:--","001Ox00001aExPnIAK"
"001Ox00001aExPoIAK","ENTITY_IS_DELETED:entity is deleted:--","001Ox00001aExPoIAK"
"001Ox00001aExPpIAK","ENTITY_IS_DELETED:entity is deleted:--","001Ox00001aExPpIAK"
"001Ox00001aExPqIAK","ENTITY_IS_DELETED:entity is deleted:--","001Ox00001aExPqIAK"
"001Ox00001aExPrIAK","ENTITY_IS_DELETED:entity is deleted:--","001Ox00001aExPrIAK"
"001Ox00001aExPsIAK","ENTITY_IS_DELETED:entity is deleted:--","001Ox00001aExPsIAK"
"001Ox00001aExPtIAK","ENTITY_IS_DELETED:entity is deleted:--","001Ox00001aExPtIAK"
"001Ox00001aExPuIAK","ENTITY_IS_DELETED:entity is deleted:--","001Ox00001aExPuIAK"
"001Ox00001aExPvIAK","ENTITY_IS_DELETED:entity is deleted:--","001Ox00001aExPvIAK"
"001Ox00001aExPwIAK","ENTITY_IS_DELETED:entity is deleted:--","001Ox00001aExPwIAK"
"001Ox00001aExPxIAK","ENTITY_IS_DELETED:entity is deleted:--","001Ox00001aExPxIAK"
"001Ox00001aExPyIAK","ENTITY_IS_DELETED:entity is deleted:--","001Ox00001aExPyIAK"
"001Ox00001aExPzIAK","ENTITY_IS_DELETED:entity is deleted:--","001Ox00001aExPzIAK"
