"sf__Id","sf__Created",Name,Account_External_ID__c,RecordTypeId,Geographic_Scope__c,Area_of_Interest__c,Account_Information__c,Documentation_Requirements__c,Grant_Amount_Text__c,Due_Date_Text__c,TAX_ID_NUMBER__c,Submission_Status__c,Outreach_Status__c,Internal_Notes__c,Research_Links__c
"001Ox00001V7FlMIAV","false","Hispanic Federation 2026 UPLift New York State","hispanicfederation2026upliftnewyorkstate","012f2000000ww92AAA","New York City","Hispanic Federation (HF) is issuing a Request for Proposals (RFP) to member agencies and allies for the
implementation of a targeted campaign to provide health access and literacy, economic empowerment
programming, and basic needs services to New York’s communities of color, particularly
bilingual/bicultural communities.","Portal","- Must be a 501(c)(3) nonprofit or have a fiscal sponsor
- Must serve communities in New York State
- Must provide culturally and linguistically responsive services
- Programs must align with one or more priority areas:
1. Language access
2. Civic education
3. Workforce training
4. Educational advancement
- Must demonstrate community impact and organizational capacity
- Grant requests cannot exceed 30% of the organization's annual operating budget
- Must submit required organizational documents (IRS determination letter, budget, etc.)
- Programs should support underserved and/or Latino communities and improve socioeconomic outcomes.","","February 6, 2026","13-3573852","Submitted 2/5/2026","","","https://www.hispanicfederation.org/"
"001Ox00001V7FlnIAF","false","Sills Family Foundation","sillsfamilyfoundation","012f2000000ww92AAA","metro New York City and California","Early childhood education, environmental justice, arts and culture, families in crisis, criminal justice-impacted communities, refugees and migrants","No Application Posted, encourage to email: info@sillsfamilyfoundation.org","Must be a qualified 501(c)(3) nonprofit or equivalent.

Work must align with the foundation's funding priorities: families in crisis, underserved communities, environmental justice, or arts and culture.

Grants are typically by invitation, though Letters of Inquiry may be submitted for consideration.","$10,000 to $25,000","","52-1790278","LOI Submitted","","LOI Submitted 4/21","https://sillsfamilyfoundation.org/guidelines/"
"001Ox00001V7FlBIAV","false","CCNSF","ccnsf","012f2000000ww92AAA","New York City","Education, immigrant communities, workforce development, low-income families, youth empowerment, community services","Portal","Eligibility Requirements:

• Must be registered in PASSPort.
• Must have 501(c)(3) status and at least two years as an incorporated nonprofit.
• Must be current with NYS Charities Bureau registration.
• Must be an NYC-based direct social service organization serving primarily 75%+ NYC residents.
• Must serve communities where 51%+ of the population are people of color.
• Must have demonstrated outreach to communities of color for ED/CEO and board recruitment.
• Operating budget must be at least $150,000 and no more than $3.5 million.
• Fiscal sponsors/conduits are not eligible.

Document checklist:

• Board of directors, officers, and affiliations.
• Current fiscal year agency budget.
• CHAR500 or proof of NYS Charities Bureau registration.
• Most recent Form 990.
• Most recent financial audit.
• Executive Director resume.
• Key program staff resumes.
• Consultant resumes/company profile if consultants are used.","$45,000","October 17th","11-2675971","","","","https://www.ccnsfund.org/apply"
"001Ox00001V7FlFIAV","false","Banco Popular Foundation","bancopopularfoundation","012f2000000ww92AAA","Puerto Rico, U.S Virgin Islands, and United States","Education, economic development, Puerto Rican/Latino communities, arts & culture, youth programs, community empowerment","Portal","Eligibility requirements:

• Registered nonprofit, tax-exempt 501(c)(3) charitable organization.
• Must provide meaningful volunteer opportunities for Popular employees.
• Must integrate a Popular employee liaison.
• Must economically empower individuals in the community.
• Must use non-traditional learning environments and provide programs directly in communities.
• Must demonstrate sustainability and program success.
• Must be nondiscriminatory.
• Proposal should show reasonable per-participant costs and request no more than 50% of funds for either general operating costs or staff salaries.","$10,000","August 31st, 2025","47-4997597","","","Submitted 8/31","https://popular.fluxx.io/"
